,algorithm,bbperiod,buy,return,rsiperiod,scenario,sell,sharpe,stddev,strategy
0,1,4,35,1.1762682085596383,8,0,75,1.2649782532112022,1.3,trade
1,1,4,35,0.00734635494214908,8,0,75,0.8303482138528052,1.3,buy&hold
