,algorithm,bbperiod,buy,return,rsiperiod,scenario,sell,sharpe,stddev,strategy
0,1,4,35,1.3524277935251803,8,0,75,1.3311402209644094,1.3,trade
1,1,4,35,5.956470073341572,8,0,75,2.166629516830856,1.3,buy&hold
